{
  "start": [22.415985926405305, 114.21076781449028],
  "end": [22.413991460318943, 114.20972695480101],
  "Lat": [22.415985926405305, 22.415780950956485, 22.415414579345068, 22.414080425502892, 22.413991460318943],
  "Lng": [114.21076781449028, 114.21096207126587, 114.21058444904739, 114.2098217269423, 114.20972695480101]
}