{
  "start": [22.41971262166917, 114.20926385431979],
  "end": [22.421185713764164, 114.20876945700795],
  "Lat": [22.41971262166917,22.421185713764164],
  "Lng": [114.20926385431979, 114.20876945700795]
}