{
  "start": [22.418134340970138, 114.20790757369053],
  "end": [22.417340720655087, 114.21092649311326],
  "Lat": [22.418134340970138, 22.418226225137573, 22.418099972126686, 22.41806584302266, 22.41763922851467, 22.417693078273963, 22.417611174863,22.417340720655087],
  "Lng": [114.20790757369053, 114.20862666273757, 114.20878236584763, 114.20898849833095, 114.2095576701133, 114.21032094092249, 114.21097500972947,114.21092649311326]
}