{
  "start": [22.421580786042558, 114.20528994819139],
  "end": [22.419790153230732, 114.20395791170668],
  "Lat": [22.421580786042558,22.421104102419097, 22.42034103406485, 22.420198213318812,22.419790153230732],
  "Lng": [114.20528994819139,114.20503057731567, 114.20503499157742, 114.20395349744611,114.20395791170668]
}