{
  "start": [22.419480026751607, 114.20763940599205],
  "end": [22.418134340970138, 114.20790757369053],
  "Lat": [22.419480026751607, 22.41948680305812, 22.418192255240903, 22.418134340970138],
  "Lng": [114.20763940599205, 114.20739164117978, 114.20734373316111, 114.20790757369053]
}