{
  "start": [22.421580786042558, 114.20528994819139],
  "end": [22.421185713764164, 114.20876945700795],
  "Lat": [22.421580786042558, 22.42157336697646, 22.4211979554611, 22.42167538080144, 22.4211938748972,22.421185713764164],
  "Lng": [114.20528994819139, 114.20599730062233, 114.20624449928091, 114.20718915129407, 114.20847811572816,114.20876945700795]
}