{
  "start": [22.418389844901654, 114.20464982843225],
  "end": [22.418134340970138, 114.20790757369053],
  "Lat": [22.418389844901654, 22.418778209961296, 22.41878161665853, 22.41848182618912, 22.418488639616065,22.418134340970138],
  "Lng": [114.20464982843225, 114.20473090354075, 114.20531685545518, 114.20752062431336, 114.20791494415921,114.20790757369053]
}