{
  "start": [22.41953449671068, 114.20515102000572],
  "end": [22.419480026751607, 114.20763940599205],
  "Lat": [22.41953449671068, 22.419480026751607],
  "Lng": [114.20515102000572, 114.20763940599205]
}