{
  "start": [22.418389844901654, 114.20464982843225],
  "end": [22.419790153230732, 114.20395791170668],
  "Lat": [22.418389844901654, 22.418778209961296, 22.418795243491687, 22.419830878214285, 22.419790153230732],
  "Lng": [114.20464982843225, 114.20473090354075, 114.20435132462372, 114.2043292132305, 114.20395791170668]
}