{
  "start": [22.41953449671068, 114.20515102000572],
  "end": [22.419790153230732, 114.20395791170668],
  "Lat": [22.41953449671068, 22.419299435055294, 22.41927899489278, 22.419837691585315, 22.419790153230732],
  "Lng": [114.20515102000572, 114.20511048245467, 114.20420760056462, 114.20418917440361, 114.20395791170668]
}