{
  "start": [22.41692596356696, 114.2090827950797],
  "end": [22.415985926405305, 114.21076781449028],
  "Lat": [22.41692596356696, 22.41652511226397, 22.416500918071915, 22.4163384712447, 22.415985926405305],
  "Lng": [ 114.2090827950797, 114.2093059304547, 114.20990040503744, 114.2103266320968, 114.21076781449028]
}