{
  "start": [22.415985926405305, 114.21076781449028],
  "end": [22.416936412898046, 114.21166887344576],
  "Lat": [22.415985926405305, 22.416936412898046],
  "Lng": [114.21076781449028, 114.21166887344576]
}