{
  "start": [22.415343841726763, 114.20760295569843],
  "end": [22.413991460318943, 114.20972695480101],
  "Lat": [22.415343841726763, 22.414939718319133, 22.415021543809278, 22.414448764366036, 22.413799677143846,22.413991460318943],
  "Lng": [114.20760295569843, 114.20784037418034, 114.20814439698576, 114.20838684555211, 114.20918644717396,114.20972695480101]
}
