{
  "start": [22.41827111231283, 114.21113396341671],
  "end": [22.418134340970138, 114.20790757369053],
  "Lat": [22.41827111231283, 22.4177120619368, 22.417977305096496, 22.418630209177593, 22.418491467317185,22.418134340970138],
  "Lng": [114.21113396341671, 114.2111251348932, 114.20975671374741, 114.20848982062215, 114.20791155233151,114.20790757369053]
}