{
    "distance": 550,
	"gender" : "Male",
    "height": 170,
    "pace": "Walk",
    "Lat": [ 22.413970,22.414264,22.414762,22.415210,22.415856,22.416148,22.416721,22.417233,22.417626,22.417617],
    "Lng": [114.209694,114.209956,114.210219,114.210469,114.211049,114.211356,114.211963,114.212380,114.212191,114.211784]
}