{
  "start": [22.41971262166917, 114.20926385431979],
  "end": [22.419480026751607, 114.20763940599205],
  "Lat": [22.41971262166917, 22.41973302470976, 22.419451462437053,22.419480026751607],
  "Lng": [114.20926385431979, 114.20869000029104, 114.20849135851184,114.20763940599205]
}