{
  "start": [22.421580786042558, 114.20528994819139],
  "end": [22.421907723921763, 114.20480660903495],
  "Lat": [ 22.421580786042558,22.42182537157878, 22.421907723921763],
  "Lng": [114.20528994819139,114.205271488566, 114.20480660903495]
}