{
  "start": [22.419790153230732, 114.20395791170668],
  "end": [22.421907723921763, 114.20480660903495],
  "Lat": [ 22.419790153230732,22.42021045510703, 22.420504257598992, 22.421637666444756,22.421944820179057,22.421907723921763],
  "Lng": [114.20395791170668,114.20395349744524, 114.20343261455749, 114.20348705812805,114.20417314086639,114.20480660903495]
}