{
  "start": [22.4221183048591, 114.20143803971476],
  "end": [22.421907723921763, 114.20480660903495],
  "Lat": [ 22.4221183048591,22.421637666444756, 22.421944820179057,22.421907723921763],
  "Lng": [114.20143803971476,114.20348705812805, 114.20417314086639,114.20480660903495]
}