{
    "start": [22.42232272473858, 114.2047555693056],
    "end": [22.421907723921763, 114.20480660903495],
    "Lat": [ 22.42232272473858, 22.421907723921763],
    "Lng": [114.2047555693056,114.20480660903495]
}
