{
  "start": [22.41692596356696, 114.2090827950797],
  "end": [22.415343841726763, 114.20760295569843],
  "Lat": [22.41692596356696, 22.41651333883993, 22.416283170147047, 22.415626468009346, 22.415647206019074,22.415423606302127,22.415343841726763],
  "Lng": [ 114.2090827950797, 114.20928256169685, 114.20865163453968, 114.20819923564338, 114.20809080946161, 114.20756890416658,114.20760295569843]
}