{
  "start": [22.42031246992691, 114.20914466925336],
  "end": [22.421185713764164, 114.20876945700795],
  "Lat": [22.42031246992691,22.421185713764164],
  "Lng": [114.20914466925336, 114.20876945700795]
}