{
  "start": [22.418134340970138, 114.20790757369053],
  "end": [22.415343841726763, 114.20760295569843],
  "Lat": [22.418134340970138, 22.417339351637, 22.41716133013584, 22.416544463159145, 22.41580339115946, 22.415343841726763],
  "Lng": [114.20790757369053, 114.20814932869104, 114.2082747257708, 114.2079970608098, 114.20743277395165, 114.20760295569843]
}