{
  "start": [22.41827111231283, 114.21113396341671],
  "end": [22.417340720655087, 114.21092649311326],
  "Lat": [22.41827111231283, 22.417712061929652, 22.417732465267612, 22.417340720655087],
  "Lng": [114.21113396341671, 114.21113396341602, 114.21099712130145, 114.21092649311326]
}