{
  "start": [22.417340720655087, 114.21092649311326],
  "end": [22.416936412898046, 114.21166887344576],
  "Lat": [22.417340720655087, 22.417212916831982, 22.417091946428616, 22.416936412898046],
  "Lng": [114.21092649311326, 114.21089119600416, 114.21156792493169, 114.21166887344576]
}